nazaruddin;25
anas;17
nazar;11
kuala;9
mati;8
anang;6
norwegia;6
garuda;6
anang-ashanty;6
google;6
pengejarnya;5
pamer;5
rakornas;5
tembak;5
pembantai;5
ical;5
klaim;5
kena;5
kemesraan;5
sensor;4
transformer;4
potter;4
pong;4
u-mag;4
spanduk;4
harry;4
peserta;4
tayang;4
kalahkan;4
pilot;4
ashanty;4
penyadapan;4
ramadan;4
murdoch;4
berkongsi;4
dprd;4
balekambang;4
persebaya;4
berbohong;4
angke;4
dituduh;4
muara;4
kupang;4
pameran;3
paripurna;3
blog;3
sesalkan;3
bupati;3
nyonya;3
penggemarnya;3
pdam;3
penembakan;3
kaca;3
close;3
arifin;3
farid;3
diburu;3
terpuruk;3
mogok;3
ditonton;3
mangapa;3
lacar;3
kate;3
persema;3
rungu;3
pengantin;3
mengerikan;3
gaun;3
tuna;3
semarak;3
serangan;3
reksa;3
urbaningrum;3
penari;3
blogger;3
mudik;3
paksa;3
indikator;2
landing;2
nusa;2
tampil;2
aldiano;2
america;2
kabin;2
pendarat;2
menggoda;2
jawaban;2
copa;2
gaga;2
piano;2
jackson;2
hard;2
indon;2
sang;2
ratusan;2
vidi;2
guruh;2
histeris;2
dewi;2
awak;2
ikatan;2
teriakan;2
normal;2
lady;2
perssik;2
mubarok;2
bagikan;2
varian;2
united;2
ducati;2
terseret;2
skip;2
iims;2
memeluk;2
kebohongan;2
manchester;2
answering;2
barcelona;2
persulit;2
orkestra;2
java;2
entakan;2
cassette;2
turkmenistan;2
nasir;2
monster;2
machine;2
usamah;2
kali;2
that;2
waria;2
terjungkal;2
gladiator;2
lobang;2
insiden;1
iwan;1
flash;1
javascript;1
piliang;1
menyesalkan;1
penyerang;1
dialog;1
mary;1
benarkah;1
browser;1
melenyapkan;1
keburukan;1
ayah;1
veda;1
aset;1
president;1
pembuatan;1
ingatkan;1
potongan;1
pengawet;1
jajaki;1
daihatsu;1
luncurkan;1
pewangi;1
pantangannya;1
ford;1
perdana;1
buat;1
kosmetik;1
cross;1
perhatian;1
geely;1
tengkorak;1
hapus;1
ringkih;1
kagetkan;1
rockin;1
bermesin;1
loudnes;1
alie;1
tertata;1
marzuki;1
mildred;1
asar;1
intim;1
pembina;1
harris;1
install;1
zuhur;1
james;1
peta;1
pikap;1
pantangan;1
ranger;1
menyongsong;1
prioritas;1
diabaikan;1
player;1
basri;1
menyapa;1
narkoba;1
kejahatan;1
merendahkan;1
ashaty;1
penampilannya;1
didendangkan;1
merantau;1
selebritis;1
hermansyah;1
mempamerkan;1
sumpah;1
bertendensi;1
kemesraannya;1
krisdayanti;1
menghibur;1
ragu;1
pasangan;1
kedutaan;1
pengacara;1
julia;1
keperawanan;1
berjilbab;1
amroe;1
perez;1
mantap;1
henidar;1
geisha;1
pilihlah;1
jodohku;1
melantunkan;1
disela-sela;1
momo;1
michael;1
obat-obatan;1
antar;1
selebritas-artis;1
either;1
dilepaskan;1
phone;1
kutipan;1
from;1
days;1
didn;1
when;1
miss;1
terproteksi;1
pilkada;1
transparan;1
parlemen;1
faisal;1
bibit;1
tdak;1
serial;1
mengklaim;1
televise;1
datar;1
diundi;1
seluler;1
iphone;1
pelecehan;1
nikmati;1
door-prize;1
masrur;1
kegundahan;1
image;1
gali;1
serius;1
bandara;1
dihibur;1
penampilan;1
persis;1
berkosmetik;1
tuduh;1
asal-usul;1
sari;1
yuli;1
jingle;1
misteri;1
blower;1
larsen;1
kreatif;1
pembebasan;1
usut;1
muqqodas;1
seals;1
studio;1
bersekongkol;1
tersentuh;1
platinum;1
whistle;1
airport;1
communication;1
navigation;1
memperpuruk;1
geronimo;1
denmark;1
skenario;1
persibo;1
roti;1
rosalina;1
vice;1
drama;1
benarkan;1
corporate;1
pujobroto;1
semrawut;1
update;1
super;1
persenjataan;1
anis;1
galaxy;1
rosie;1
duel;1
rupa;1
your;1
china;1
shaolin;1
industi;1
companion;1
bangkok;1
nunun;1
fsr-ikj;1
kungfu;1
melambung;1
busyro;1
nazar-nasir;1
kredit;1
merambah;1
berliku;1
perkiraan;1
experiencing;1
navy;1
pimpin;1
antre;1
klia;1
terpojok;1
kudus;1
institut;1
best;1
travel;1
rijsbergen;1
brand;1
formasi;1
sinar;1
himbauan;1
number;1
okto;1
persiwa;1
bahas;1
maniani;1
sinaga;1
banjiri;1
nunukan;1
kericuhan;1
loudoe;1
yesaya;1
message;1
ibas;1
bumn;1
bojonegoro;1
ruhut;1
ramuan;1
bernomor;1
temui;1
taman;1
pembunuhan;1
obsat;1
langsat;1
ferdinand;1
nato;1
land;1
sebabkan;1
rockinland;1
obrolan;1
solo;1
ilham;1
labs;1
zainudin;1
seratusan;1
lonek;1
peretas;1
bermasalah;1
rosa;1
haram;1
menakjubkan;1
mesra;1
terkini;1
saefulloh;1
mengatur;1
adhi;1
content;1
truly;1
mulya;1
pemilu;1
pernyataan;1
arjhomzm;1
macet;1
korup;1
online;1
akui;1
konflik;1
migas;1
dihadirkan;1
anjlok;1
turnamen;1
pertandingan;1
menjuarai;1
devata;1
plural;1
politikus;1
percakapan;1
karya;1
berpotensi;1
rimba;1
menunda;1
bersihkan;1
traktat;1
curi;1
